{
  "train_loss": [
    0.5634928722130624,
    0.5601069629192352,
    0.5575065079488253,
    0.5616213083267212,
    0.5627944093001517,
    0.5499448619390789,
    0.5463944814707103,
    0.5683082232349798,
    0.5609233285251417,
    0.5571992005172529,
    0.5551275657980066,
    0.5508457234031275,
    0.5496402853413632
  ],
  "train_acc": [
    0.43853820598006643,
    0.43853820598006643,
    0.4318936877076412,
    0.46677740863787376,
    0.473421926910299,
    0.46511627906976744,
    0.5033222591362126,
    0.5149501661129569,
    0.5083056478405316,
    0.5099667774086378,
    0.5116279069767442,
    0.5282392026578073,
    0.5332225913621262
  ],
  "train_auc": [
    0.41961553010763786,
    0.46933067391129907,
    0.43691323635613327,
    0.4928069511789723,
    0.5000171945390144,
    0.48731616172037096,
    0.5248919609798595,
    0.5122769008562881,
    0.49142565654481474,
    0.5300503226841822,
    0.5354494079347066,
    0.5379368845787911,
    0.5296376537478363
  ],
  "val_loss": [
    0.6256058911482493,
    0.6252860029538473,
    0.6033304284016291,
    0.7736805776755015,
    0.7196105072895685,
    0.7346887787183126,
    0.7527291973431905,
    0.7661630014578501,
    0.737353503704071,
    0.7695211668809255,
    0.7808157304922739,
    0.7817719181378683,
    0.7817614376544952
  ],
  "val_acc": [
    0.4835164835164835,
    0.4835164835164835,
    0.6153846153846154,
    0.4725274725274725,
    0.5274725274725275,
    0.46153846153846156,
    0.5384615384615384,
    0.5054945054945055,
    0.5274725274725275,
    0.4945054945054945,
    0.4835164835164835,
    0.4835164835164835,
    0.4835164835164835
  ],
  "val_auc": [
    0.5913926499032882,
    0.5725338491295938,
    0.6068665377176015,
    0.5270793036750484,
    0.5072533849129595,
    0.4439071566731141,
    0.5406189555125724,
    0.5128143133462282,
    0.45841392649903284,
    0.5048355899419729,
    0.5222437137330754,
    0.5285299806576403,
    0.5294970986460348
  ]
}