{
  "train_loss": [
    0.5470932126045227,
    0.539911405036324,
    0.5422021087847257,
    0.5402238070964813,
    0.5416350474483088,
    0.5448860761366392,
    0.5430670851155331,
    0.5436359518452695,
    0.5325207051477934,
    0.5062102832292256,
    0.5016342040739561,
    0.49712630165250676,
    0.49419199479253667,
    0.4883889132424405,
    0.4832892433593148
  ],
  "train_acc": [
    0.45714285714285713,
    0.5260504201680672,
    0.5445378151260504,
    0.5478991596638656,
    0.5495798319327732,
    0.5462184873949579,
    0.5462184873949579,
    0.5680672268907563,
    0.5747899159663865,
    0.4857142857142857,
    0.46050420168067224,
    0.5126050420168067,
    0.48739495798319327,
    0.5411764705882353,
    0.5781512605042017
  ],
  "train_auc": [
    0.5083955904898644,
    0.5221996447083446,
    0.5229783661450855,
    0.5056822329837198,
    0.510001703453143,
    0.5139743995327671,
    0.5032243934490059,
    0.5278757939308398,
    0.5747937604944882,
    0.6045068503151387,
    0.6132674664784756,
    0.641994986980751,
    0.6583724721972112,
    0.6664638746258487,
    0.6790207577932981
  ],
  "val_loss": [
    0.5966902573903402,
    0.5612173676490784,
    0.5549032092094421,
    0.5611529250939687,
    0.5691505819559097,
    0.5755199640989304,
    0.573608194788297,
    0.5704289426406225,
    0.5616798450549444,
    0.5617445309956869,
    0.5625748783349991,
    0.5622131029764811,
    0.5616897642612457,
    0.5696354607741038,
    0.5684681584437689
  ],
  "val_acc": [
    0.6444444444444445,
    0.6777777777777778,
    0.6888888888888889,
    0.6777777777777778,
    0.6555555555555556,
    0.6444444444444445,
    0.6555555555555556,
    0.6444444444444445,
    0.6444444444444445,
    0.5111111111111111,
    0.5111111111111111,
    0.5111111111111111,
    0.5111111111111111,
    0.5777777777777777,
    0.6111111111111112
  ],
  "val_auc": [
    0.6151185770750988,
    0.6264822134387351,
    0.6546442687747035,
    0.6573616600790514,
    0.6679841897233201,
    0.6655138339920948,
    0.5812747035573121,
    0.6536561264822135,
    0.6235177865612648,
    0.608201581027668,
    0.6012845849802372,
    0.6096837944664032,
    0.6210474308300394,
    0.6047430830039526,
    0.5731225296442687
  ]
}