{
  "train_loss": [
    0.5974440144168006,
    0.5732755661010742,
    0.5716625054677328,
    0.5643088420232137,
    0.5648281011316512,
    0.5644242432382371,
    0.5557447953356637,
    0.5489391866657469,
    0.5513207266728083,
    0.5631209148301018,
    0.5872927804787954,
    0.5566815816693835,
    0.5637870927651724,
    0.5624322874678506,
    0.5443024271064334,
    0.5488186246818967,
    0.5364520897467931,
    0.5454421043395996,
    0.5512771573331621,
    0.5569148825274574,
    0.5526730600330565
  ],
  "train_acc": [
    0.45719489981785066,
    0.45719489981785066,
    0.4918032786885246,
    0.5318761384335154,
    0.5300546448087432,
    0.5081967213114754,
    0.5519125683060109,
    0.5446265938069217,
    0.5683060109289617,
    0.5500910746812386,
    0.5555555555555556,
    0.575591985428051,
    0.5446265938069217,
    0.517304189435337,
    0.581056466302368,
    0.5883424408014571,
    0.5938069216757741,
    0.6029143897996357,
    0.5846994535519126,
    0.5792349726775956,
    0.5938069216757741
  ],
  "train_auc": [
    0.511898631250847,
    0.5631250846998238,
    0.5872204905813796,
    0.5979672042282153,
    0.6046212223878574,
    0.6105298820978452,
    0.6040655915435695,
    0.6113430004065592,
    0.61177666350454,
    0.6197858788453721,
    0.600128743732213,
    0.6067692099200434,
    0.6312982788995799,
    0.570192437999729,
    0.6401680444504676,
    0.6083886705515653,
    0.6128404932917739,
    0.6449518905000677,
    0.6252473234855671,
    0.638772191353842,
    0.6196435831413472
  ],
  "val_loss": [
    0.6287122517824173,
    0.6296436587969462,
    0.6761818081140518,
    0.6303069541851679,
    0.636388286948204,
    0.7483377108971278,
    0.6336056590080261,
    0.641764909029007,
    0.6055459628502528,
    0.5980447679758072,
    0.6071045845746994,
    0.6089057226975759,
    0.5948880712191263,
    0.597280373175939,
    0.6841747065385183,
    0.6203766614198685,
    0.6289220800002416,
    0.6284406085809072,
    0.6273849308490753,
    0.6271184235811234,
    0.6239148726065954
  ],
  "val_acc": [
    0.4878048780487805,
    0.45121951219512196,
    0.573170731707317,
    0.6097560975609756,
    0.5975609756097561,
    0.573170731707317,
    0.573170731707317,
    0.573170731707317,
    0.6097560975609756,
    0.6707317073170732,
    0.6219512195121951,
    0.6463414634146342,
    0.6097560975609756,
    0.6707317073170732,
    0.6341463414634146,
    0.6585365853658537,
    0.6463414634146342,
    0.6585365853658537,
    0.5975609756097561,
    0.6219512195121951,
    0.6585365853658537
  ],
  "val_auc": [
    0.5696428571428571,
    0.5857142857142856,
    0.5851190476190476,
    0.6523809523809524,
    0.6541666666666667,
    0.5583333333333333,
    0.6125,
    0.6595238095238095,
    0.6863095238095238,
    0.7250000000000001,
    0.7452380952380953,
    0.7035714285714286,
    0.731547619047619,
    0.7107142857142856,
    0.6758928571428572,
    0.7017857142857142,
    0.7032738095238096,
    0.7026785714285715,
    0.6886904761904762,
    0.6866071428571429,
    0.6851190476190476
  ]
}