{
  "train_loss": [
    0.6500301003456116,
    0.6268059015274048,
    0.6140689074993133,
    0.6005306839942932,
    0.5978928625583648,
    0.6012280523777008,
    0.5998463779687881,
    0.5981846868991851,
    0.5938936114311218,
    0.5935319602489472
  ],
  "train_acc": [
    0.43,
    0.52,
    0.55,
    0.58,
    0.59,
    0.58,
    0.58,
    0.59,
    0.6,
    0.6
  ],
  "train_auc": [
    0.5205254515599342,
    0.6387520525451559,
    0.5968801313628899,
    0.608784893267652,
    0.5792282430213463,
    0.5804597701149424,
    0.5981116584564861,
    0.5747126436781609,
    0.5476190476190477,
    0.5779967159277505
  ],
  "val_loss": [
    0.8970572352409363,
    1.3008973598480225,
    1.3074395656585693,
    1.3122961521148682,
    1.3129632472991943,
    1.3128466606140137,
    1.3128974437713623,
    1.312968134880066,
    1.3130810260772705,
    1.3131073713302612
  ],
  "val_acc": [
    0.6666666666666666,
    0.0,
    0.0,
    0.0,
    0.0,
    0.0,
    0.0,
    0.0,
    0.0,
    0.0
  ],
  "val_auc": [
    0,
    0,
    0,
    0,
    0,
    0,
    0,
    0,
    0,
    0
  ]
}