{
  "CNN_LSTM": {
    "test_loss": 3.1227296858560294e-05,
    "test_mae": 0.0032487851567566395,
    "train_loss": 5.4081428970675915e-05,
    "train_mae": 0.004017186351120472,
    "training_time": 1038.883177
  },
  "Attention_LSTM": {
    "test_loss": 0.0001215533193317242,
    "test_mae": 0.009313125163316727,
    "train_loss": 0.00015044193423818797,
    "train_mae": 0.009759853594005108,
    "training_time": 520.520146
  },
  "CNN_Attention_LSTM": {
    "test_loss": 0.00010228451719740406,
    "test_mae": 0.007849893532693386,
    "train_loss": 8.871331374393776e-05,
    "train_mae": 0.006695856805890799,
    "training_time": 363.209419
  }
}