{
  "train_loss": [
    0.6223568665353876,
    0.5974003453003732,
    0.5790516389043707,
    0.576094461114783,
    0.574373019369025,
    0.5770983821467349,
    0.5753063653644762,
    0.5704466324103507,
    0.5646642226921884,
    0.5650890720518011,
    0.5617805546835849,
    0.5611705529062372,
    0.5579618058706585
  ],
  "train_acc": [
    0.4503311258278146,
    0.4602649006622517,
    0.5264900662251656,
    0.5331125827814569,
    0.5380794701986755,
    0.5281456953642384,
    0.543046357615894,
    0.5529801324503312,
    0.5728476821192053,
    0.5794701986754967,
    0.5811258278145696,
    0.5993377483443708,
    0.6009933774834437
  ],
  "train_auc": [
    0.4426364894424356,
    0.5338154546672023,
    0.5876300165171198,
    0.5724298022409713,
    0.5712802999866077,
    0.5944265880987456,
    0.6019932145886344,
    0.611010669166555,
    0.6184322128476407,
    0.6035333244051605,
    0.6179746439891076,
    0.6075510021874024,
    0.6261439221463327
  ],
  "val_loss": [
    0.5880654702583948,
    0.5400227010250092,
    0.5010921085874239,
    0.5188115040461222,
    0.5660631159941355,
    0.5443338006734848,
    0.5426382621129354,
    0.5491903970638911,
    0.5534738004207611,
    0.5499625653028488,
    0.5481412510077158,
    0.5389758199453354,
    0.5382497857014338
  ],
  "val_acc": [
    0.46153846153846156,
    0.4725274725274725,
    0.7472527472527473,
    0.6263736263736264,
    0.4175824175824176,
    0.5164835164835165,
    0.5054945054945055,
    0.5054945054945055,
    0.4945054945054945,
    0.4945054945054945,
    0.4945054945054945,
    0.5274725274725275,
    0.5274725274725275
  ],
  "val_auc": [
    0.5438871473354232,
    0.7204806687565307,
    0.7826541274817136,
    0.7215256008359456,
    0.6034482758620688,
    0.6551724137931034,
    0.6703239289446186,
    0.6650992685475444,
    0.6368861024033436,
    0.6264367816091954,
    0.6614420062695925,
    0.6755485893416928,
    0.6739811912225705
  ]
}